{
  "N2": {
    "specie": {
      "nMoles": 1,
      "molWeight": 28.0134,
      "particleType": 2,
      "charge": 0,
      "diameter": 4.17e-10,
      "dissocEnergy": 3.36e7,
      "iHat": 1.78e7,
      "omega": 0.74,
      "noVibTemp": 1,
      "noElecLevels": 15
    },
    "thermodynamics": {
      "decoupledCvCoeffs": [1.5, 1, 1, 0, 0, 0, 0],
      "vibrationalList": [1, 3371],
      "electronicList": [
        [1, 0],
        [3, 7.223157e4],
        [6, 8.577863e4],
        [6, 8.605027e4],
        [3, 9.535119e4],
        [1, 9.805636e4],
        [2, 9.968268e4],
        [2, 1.048976e5],
        [5, 1.116490e5],
        [1, 1.225836e5],
        [6, 1.248857e5],
        [6, 1.282476e5],
        [10, 1.338061e5],
        [6, 1.404296e5],
        [6, 1.504959e5]
      ]
    },
    "transport": {
      "constant": {
        "mu": 0,
        "kappa": 0
      },
      "SutherlandEucken": {
        "As": 1.41e-6,
        "Ts": 111.0
      },
      "BlottnerEucken": {
        "A": 2.68e-2,
        "B": 3.18e-1,
        "C": -1.13e1
      },
      "CEA": {
        "temp": [200, 1000, 5000, 15000],
        "visco": [
          [0.62526577, -31.779652, -1640.7983, 1.7454992],
          [0.87395209, 561.52222, -173948.09, -0.39335958],
          [0.88503551, 909.02171, -731290.61, -0.53503838]
        ],
        "kappa": [
          [0.85439436, 105.73224, -12347.848, 0.47793128],
          [0.88407146, 133.57293, -11429.64, 0.24417019],
          [2.4176185, 8047.7749, 3105580.2, -14.517761]
        ]
      }
    }
  },

  "O2": {
    "specie": {
      "nMoles": 1,
      "molWeight": 31.9988,
      "particleType": 2,
      "charge": 0,
      "diameter": 4.07e-10,
      "dissocEnergy": 1.54e7,
      "iHat": 1.26e7,
      "omega": 0.77,
      "noVibTemp": 1,
      "noElecLevels": 7
    },
    "thermodynamics": {
      "decoupledCvCoeffs": [1.5, 1, 1, 0, 0, 0, 0],
      "vibrationalList": [1, 2256],
      "electronicList": [
        [3, 0],
        [2, 1.139156e4],
        [1, 1.898474e4],
        [1, 4.755974e4],
        [6, 4.991242e4],
        [3, 5.092269e4],
        [3, 7.189863e4]
      ]
    },
    "transport": {
      "constant": {
        "mu": 0,
        "kappa": 0
      },
      "SutherlandEucken": {
        "As": 1.69e-06,
        "Ts": 127.0
      },
      "BlottnerEucken": {
        "A": 4.49e-2,
        "B": -8.26e-2,
        "C": -9.20
      },
      "CEA": {
        "temp": [200, 1000, 5000, 15000],
        "visco": [
          [0.6091618, -52.244847, -599.74009, 2.0410801],
          [0.72216486, 175.50839, -57974.816, 1.0901044],
          [0.73981127, 391.94906, -378331.68, 0.9093178]
        ],
        "kappa": [
          [0.77229167, 6.846321, -5893.3377, 1.2210365],
          [0.90917351, 291.24182, -79650.171, 0.064851631],
          [-1.1218262, -19286.378, 23295011, 20.342043]
        ]
      }
    }
  },
      
  "NO": {
    "specie": {
      "nMoles": 1,
      "molWeight": 30.0061,
      "particleType": 2,
      "charge": 0,
      "diameter": 4.2e-10,
      "dissocEnergy": 2.09e7,
      "iHat": 1.02e7,
      "omega": 0.79,
      "noVibTemp": 1,
      "noElecLevels": 16
    },
    "thermodynamics": {
      "decoupledCvCoeffs": [1.5, 1, 1, 0, 0, 10981, 0],
      "vibrationalList": [1, 2719],
      "electronicList": [
        [4, 0],
        [8, 5.467346e4],
        [2, 6.317140e4],
        [4, 6.599450e4],
        [4, 6.906121e4],
        [4, 7.049998e4],
        [4, 7.491055e4],
        [2, 7.628875e4],
        [4, 8.676189e4],
        [2, 8.714431e4],
        [4, 8.886077e4],
        [4, 8.981756e4],
        [2, 8.988446e4],
        [2, 9.042702e4],
        [2, 9.064284e4],
        [4, 9.111763e4]
      ]
    },
    "transport": {
      "constant": {
        "mu": 0,
        "kappa": 0
      },
      "BlottnerEucken": {
        "A": 4.36e-2,
        "B": -3.36e-2,
        "C": -9.58
      },
      "CEA": {
        "temp": [200, 1000, 5000, 15000],
        "visco": [
          [0.60262029, -62.017783, -139.54524, 2.0268332],
          [0.7800905, 304.86891, -94847.722, 0.52873381],
          [0.80580582, 624.27878, -578792.1, 0.2651645]
        ],
        "kappa": [
          [0.95028758, 76.667058, -9989.4764, -0.0062776717],
          [0.86215238, 445.68223, -238564.66, 0.46209876],
          [-1.0377865, -34486.864, 67451187, 20.928749]
        ]
      }
    }
  },

  "N": {
    "specie": {
      "nMoles": 1,
      "molWeight": 14.0067,
      "particleType": 1,
      "charge": 0,
      "diameter": 3.00e-10,
      "dissocEnergy": 0,
      "iHat": 3.34e7,
      "omega": 0.8,
      "noVibTemp": 0,
      "noElecLevels": 3 
    },
    "thermodynamics": {
      "decoupledCvCoeffs": [1.5, 0, 0, 0, 0, 56852, 0],
      "vibrationalList": [0, 0],
      "electronicList": [
        [4, 0],
        [10, 2.766470e4],
        [6, 4.149309e4]
      ]
    },
    "transport": {
      "constant": {
        "mu": 0,
        "kappa": 0
      },
      "BlottnerEucken": {
        "A": 1.16e-2,
        "B": 6.03e-1,
        "C": -1.24e1
      },
      "CEA": {
        "temp": [1000, 5000, 15000],
        "visco": [
          [0.83724737, 439.9715, -174507.53, 0.10365689],
          [0.89986588, 1411.2801, -1820047.8, -0.55811716]
        ],
        "kappa": [
          [0.83771661, 442.4327, -175784.46, 0.89942915],
          [0.9000171, 1414.1175, -1826240.3, 0.24048513]
        ]
      }
    }
  },
  "O": {
    "specie": {
      "nMoles": 1,
      "molWeight": 15.9994,
      "particleType": 1,
      "charge": 0,
      "diameter": 3.00e-10,
      "dissocEnergy": 0,
      "iHat": 2.73e7,
      "omega": 0.8,
      "noVibTemp": 0,
      "noElecLevels": 5 
    },
    "thermodynamics": {
      "decoupledCvCoeffs": [1.5, 0, 0, 0, 0, 29968, 0],
      "vibrationalList": [0, 0],
      "electronicList": [
        [5, 0],
        [3, 2.277078e2],
        [1, 3.265689e2],
        [5, 2.283029e4],
        [1, 4.861993e4]
      ]
    },
    "transport": {
      "constant": {
        "mu": 0,
        "kappa": 0
      },
      "BlottnerEucken": {
        "A": 2.03e-2,
        "B": 4.29e-1,
        "C": -1.16e1
      },
      "CEA": {
        "temp": [1000, 5000, 15000],
        "visco": [
          [0.77269241, 83.842977, -58502.098, 0.85100827],
          [0.87669586, 1015.842, -1088456.6, -0.18001077]
        ],
        "kappa": [
          [0.77271664, 83.9891, -58580.966, 1.51799],
          [0.87676666, 1017.0744, -1090669, 0.48644232]
        ]
      }
    }
  }
}